frame,i,x1,y1,x2,y2,x,y,angle,size
5, 0, 349, 275, 350, 275, -1, 0, 3.141592653589793, 1.0
5, 1, 322, 269, 324, 266, -2, 3, 2.158798930342464, 3.605551275463989
5, 2, 352, 215, 354, 215, -2, 0, 3.141592653589793, 2.0
5, 3, 131, 245, 131, 245, 0, 0, 0.0, 0.0
5, 4, 260, 205, 261, 205, -1, 0, 3.141592653589793, 1.0
5, 5, 353, 241, 353, 241, 0, 0, 0.0, 0.0
5, 6, 296, 189, 297, 189, -1, 0, 3.141592653589793, 1.0
5, 7, 187, 241, 187, 241, 0, 0, 0.0, 0.0
5, 8, 278, 268, 279, 268, -1, 0, 3.141592653589793, 1.0
5, 9, 250, 325, 249, 323, 1, 2, 1.1071487177940904, 2.23606797749979
5, 10, 466, 269, 466, 269, 0, 0, 0.0, 0.0
5, 11, 292, 175, 292, 176, 0, -1, -1.5707963267948966, 1.0
5, 12, 276, 243, 277, 243, -1, 0, 3.141592653589793, 1.0
5, 13, 265, 179, 266, 179, -1, 0, 3.141592653589793, 1.0
5, 14, 183, 214, 183, 214, 0, 0, 0.0, 0.0
5, 15, 535, 319, 535, 317, 0, 2, 1.5707963267948966, 2.0
5, 16, 431, 265, 431, 265, 0, 0, 0.0, 0.0
5, 17, 390, 320, 390, 321, 0, -1, -1.5707963267948966, 1.0
5, 18, 537, 309, 536, 308, 1, 1, 0.7853981633974483, 1.4142135623730951
5, 19, 353, 266, 353, 266, 0, 0, 0.0, 0.0
5, 20, 162, 223, 163, 223, -1, 0, 3.141592653589793, 1.0
5, 21, 293, 229, 293, 229, 0, 0, 0.0, 0.0
5, 22, 132, 307, 133, 305, -1, 2, 2.0344439357957027, 2.23606797749979
5, 23, 148, 261, 149, 260, -1, 1, 2.356194490192345, 1.4142135623730951
5, 24, 388, 205, 388, 206, 0, -1, -1.5707963267948966, 1.0
5, 25, 211, 304, 211, 304, 0, 0, 0.0, 0.0
5, 26, 190, 178, 190, 178, 0, 0, 0.0, 0.0
5, 27, 158, 348, 158, 349, 0, -1, -1.5707963267948966, 1.0
5, 28, 218, 205, 219, 205, -1, 0, 3.141592653589793, 1.0
5, 29, 273, 263, 274, 263, -1, 0, 3.141592653589793, 1.0
5, 30, 298, 255, 298, 256, 0, -1, -1.5707963267948966, 1.0
5, 31, 130, 386, 131, 386, -1, 0, 3.141592653589793, 1.0
5, 32, 276, 223, 277, 222, -1, 1, 2.356194490192345, 1.4142135623730951
5, 33, 346, 201, 347, 201, -1, 0, 3.141592653589793, 1.0
5, 34, 376, 267, 376, 267, 0, 0, 0.0, 0.0
5, 35, 449, 308, 449, 308, 0, 0, 0.0, 0.0
5, 36, 404, 278, 405, 276, -1, 2, 2.0344439357957027, 2.23606797749979
5, 37, 501, 337, 501, 337, 0, 0, 0.0, 0.0
5, 38, 315, 349, 315, 349, 0, 0, 0.0, 0.0
5, 39, 155, 178, 155, 179, 0, -1, -1.5707963267948966, 1.0
5, 40, 253, 180, 254, 180, -1, 0, 3.141592653589793, 1.0
5, 41, 272, 233, 273, 232, -1, 1, 2.356194490192345, 1.4142135623730951
5, 42, 444, 268, 444, 269, 0, -1, -1.5707963267948966, 1.0
5, 43, 438, 293, 438, 294, 0, -1, -1.5707963267948966, 1.0
5, 44, 266, 223, 266, 223, 0, 0, 0.0, 0.0
5, 45, 323, 229, 323, 229, 0, 0, 0.0, 0.0
5, 46, 195, 341, 196, 341, -1, 0, 3.141592653589793, 1.0
5, 47, 358, 236, 358, 236, 0, 0, 0.0, 0.0
5, 48, 450, 295, 450, 296, 0, -1, -1.5707963267948966, 1.0
5, 49, 192, 285, 192, 284, 0, 1, 1.5707963267948966, 1.0
5, 50, 373, 240, 373, 241, 0, -1, -1.5707963267948966, 1.0
5, 51, 202, 204, 203, 204, -1, 0, 3.141592653589793, 1.0
5, 52, 229, 278, 229, 279, 0, -1, -1.5707963267948966, 1.0
5, 53, 372, 348, 373, 348, -1, 0, 3.141592653589793, 1.0
5, 54, 362, 206, 362, 206, 0, 0, 0.0, 0.0
5, 55, 295, 274, 296, 274, -1, 0, 3.141592653589793, 1.0
5, 56, 236, 191, 236, 191, 0, 0, 0.0, 0.0
5, 57, 160, 188, 160, 189, 0, -1, -1.5707963267948966, 1.0
5, 58, 305, 213, 305, 214, 0, -1, -1.5707963267948966, 1.0
5, 59, 491, 245, 491, 245, 0, 0, 0.0, 0.0
5, 60, 94, 351, 94, 351, 0, 0, 0.0, 0.0
5, 61, 240, 172, 240, 173, 0, -1, -1.5707963267948966, 1.0
5, 62, 220, 338, 220, 339, 0, -1, -1.5707963267948966, 1.0
5, 63, 134, 229, 134, 229, 0, 0, 0.0, 0.0
5, 64, 193, 295, 194, 295, -1, 0, 3.141592653589793, 1.0
5, 65, 452, 243, 453, 243, -1, 0, 3.141592653589793, 1.0
5, 66, 164, 180, 164, 180, 0, 0, 0.0, 0.0
5, 67, 238, 275, 238, 276, 0, -1, -1.5707963267948966, 1.0
5, 68, 431, 215, 431, 216, 0, -1, -1.5707963267948966, 1.0
5, 69, 326, 256, 326, 257, 0, -1, -1.5707963267948966, 1.0
5, 70, 524, 329, 524, 329, 0, 0, 0.0, 0.0
5, 71, 315, 230, 315, 231, 0, -1, -1.5707963267948966, 1.0
5, 72, 536, 280, 536, 281, 0, -1, -1.5707963267948966, 1.0
5, 73, 287, 269, 288, 269, -1, 0, 3.141592653589793, 1.0
5, 74, 414, 220, 414, 221, 0, -1, -1.5707963267948966, 1.0
5, 75, 321, 282, 320, 283, 1, -1, -0.7853981633974483, 1.4142135623730951
5, 76, 136, 259, 135, 256, 1, 3, 1.2490457723982544, 3.1622776601683795
5, 77, 438, 327, 438, 327, 0, 0, 0.0, 0.0
5, 78, 177, 226, 177, 226, 0, 0, 0.0, 0.0
5, 79, 303, 202, 303, 202, 0, 0, 0.0, 0.0
5, 80, 297, 197, 298, 197, -1, 0, 3.141592653589793, 1.0
5, 81, 223, 188, 223, 188, 0, 0, 0.0, 0.0
5, 82, 505, 309, 506, 309, -1, 0, 3.141592653589793, 1.0
5, 83, 211, 275, 212, 275, -1, 0, 3.141592653589793, 1.0
5, 84, 187, 185, 187, 185, 0, 0, 0.0, 0.0
5, 85, 554, 312, 553, 313, 1, -1, -0.7853981633974483, 1.4142135623730951
5, 86, 217, 178, 217, 179, 0, -1, -1.5707963267948966, 1.0
5, 87, 138, 390, 139, 390, -1, 0, 3.141592653589793, 1.0
5, 88, 246, 279, 246, 280, 0, -1, -1.5707963267948966, 1.0
5, 89, 372, 187, 373, 187, -1, 0, 3.141592653589793, 1.0
5, 90, 337, 176, 337, 176, 0, 0, 0.0, 0.0
5, 91, 135, 173, 136, 173, -1, 0, 3.141592653589793, 1.0
6, 0, 347, 275, 349, 275, -2, 0, 3.141592653589793, 2.0
6, 1, 323, 268, 322, 269, 1, -1, -0.7853981633974483, 1.4142135623730951
6, 2, 351, 215, 352, 215, -1, 0, 3.141592653589793, 1.0
6, 3, 260, 205, 260, 205, 0, 0, 0.0, 0.0
6, 4, 352, 242, 353, 241, -1, 1, 2.356194490192345, 1.4142135623730951
6, 5, 186, 241, 187, 241, -1, 0, 3.141592653589793, 1.0
6, 6, 277, 268, 278, 268, -1, 0, 3.141592653589793, 1.0
6, 7, 250, 324, 250, 325, 0, -1, -1.5707963267948966, 1.0
6, 8, 465, 270, 466, 269, -1, 1, 2.356194490192345, 1.4142135623730951
6, 9, 291, 175, 292, 175, -1, 0, 3.141592653589793, 1.0
6, 10, 275, 243, 276, 243, -1, 0, 3.141592653589793, 1.0
6, 11, 264, 179, 265, 179, -1, 0, 3.141592653589793, 1.0
6, 12, 182, 214, 183, 214, -1, 0, 3.141592653589793, 1.0
6, 13, 536, 318, 535, 319, 1, -1, -0.7853981633974483, 1.4142135623730951
6, 14, 432, 264, 431, 265, 1, -1, -0.7853981633974483, 1.4142135623730951
6, 15, 390, 320, 390, 320, 0, 0, 0.0, 0.0
6, 16, 537, 309, 537, 309, 0, 0, 0.0, 0.0
6, 17, 353, 265, 353, 266, 0, -1, -1.5707963267948966, 1.0
6, 18, 161, 223, 162, 223, -1, 0, 3.141592653589793, 1.0
6, 19, 293, 229, 293, 229, 0, 0, 0.0, 0.0
6, 20, 132, 306, 132, 307, 0, -1, -1.5707963267948966, 1.0
6, 21, 388, 204, 388, 205, 0, -1, -1.5707963267948966, 1.0
6, 22, 211, 303, 211, 304, 0, -1, -1.5707963267948966, 1.0
6, 23, 190, 179, 190, 178, 0, 1, 1.5707963267948966, 1.0
6, 24, 160, 350, 158, 348, 2, 2, 0.7853981633974483, 2.8284271247461903
6, 25, 218, 205, 218, 205, 0, 0, 0.0, 0.0
6, 26, 129, 387, 130, 386, -1, 1, 2.356194490192345, 1.4142135623730951
6, 27, 276, 222, 276, 223, 0, -1, -1.5707963267948966, 1.0
6, 28, 345, 201, 346, 201, -1, 0, 3.141592653589793, 1.0
6, 29, 375, 267, 376, 267, -1, 0, 3.141592653589793, 1.0
6, 30, 404, 278, 404, 278, 0, 0, 0.0, 0.0
6, 31, 501, 337, 501, 337, 0, 0, 0.0, 0.0
6, 32, 315, 349, 315, 349, 0, 0, 0.0, 0.0
6, 33, 155, 178, 155, 178, 0, 0, 0.0, 0.0
6, 34, 253, 180, 253, 180, 0, 0, 0.0, 0.0
6, 35, 272, 233, 272, 233, 0, 0, 0.0, 0.0
6, 36, 444, 267, 444, 268, 0, -1, -1.5707963267948966, 1.0
6, 37, 438, 293, 438, 293, 0, 0, 0.0, 0.0
6, 38, 266, 222, 266, 223, 0, -1, -1.5707963267948966, 1.0
6, 39, 322, 231, 323, 229, -1, 2, 2.0344439357957027, 2.23606797749979
6, 40, 194, 341, 195, 341, -1, 0, 3.141592653589793, 1.0
6, 41, 358, 236, 358, 236, 0, 0, 0.0, 0.0
6, 42, 192, 285, 192, 285, 0, 0, 0.0, 0.0
6, 43, 373, 240, 373, 240, 0, 0, 0.0, 0.0
6, 44, 201, 204, 202, 204, -1, 0, 3.141592653589793, 1.0
6, 45, 229, 277, 229, 278, 0, -1, -1.5707963267948966, 1.0
6, 46, 371, 348, 372, 348, -1, 0, 3.141592653589793, 1.0
6, 47, 362, 205, 362, 206, 0, -1, -1.5707963267948966, 1.0
6, 48, 235, 191, 236, 191, -1, 0, 3.141592653589793, 1.0
6, 49, 160, 187, 160, 188, 0, -1, -1.5707963267948966, 1.0
6, 50, 305, 214, 305, 213, 0, 1, 1.5707963267948966, 1.0
6, 51, 94, 351, 94, 351, 0, 0, 0.0, 0.0
6, 52, 240, 171, 240, 172, 0, -1, -1.5707963267948966, 1.0
6, 53, 219, 338, 220, 338, -1, 0, 3.141592653589793, 1.0
6, 54, 134, 229, 134, 229, 0, 0, 0.0, 0.0
6, 55, 452, 242, 452, 243, 0, -1, -1.5707963267948966, 1.0
6, 56, 164, 179, 164, 180, 0, -1, -1.5707963267948966, 1.0
6, 57, 238, 274, 238, 275, 0, -1, -1.5707963267948966, 1.0
6, 58, 432, 215, 431, 215, 1, 0, 0.0, 1.0
6, 59, 326, 256, 326, 256, 0, 0, 0.0, 0.0
6, 60, 524, 328, 524, 329, 0, -1, -1.5707963267948966, 1.0
6, 61, 315, 230, 315, 230, 0, 0, 0.0, 0.0
6, 62, 538, 281, 536, 280, 2, 1, 0.4636476090008061, 2.23606797749979
6, 63, 287, 269, 287, 269, 0, 0, 0.0, 0.0
6, 64, 414, 220, 414, 220, 0, 0, 0.0, 0.0
6, 65, 135, 259, 136, 259, -1, 0, 3.141592653589793, 1.0
6, 66, 438, 326, 438, 327, 0, -1, -1.5707963267948966, 1.0
6, 67, 303, 202, 303, 202, 0, 0, 0.0, 0.0
6, 68, 296, 197, 297, 197, -1, 0, 3.141592653589793, 1.0
6, 69, 222, 188, 223, 188, -1, 0, 3.141592653589793, 1.0
6, 70, 504, 309, 505, 309, -1, 0, 3.141592653589793, 1.0
6, 71, 210, 275, 211, 275, -1, 0, 3.141592653589793, 1.0
6, 72, 187, 184, 187, 185, 0, -1, -1.5707963267948966, 1.0
6, 73, 556, 311, 554, 312, 2, -1, -0.4636476090008061, 2.23606797749979
6, 74, 217, 177, 217, 178, 0, -1, -1.5707963267948966, 1.0
6, 75, 137, 390, 138, 390, -1, 0, 3.141592653589793, 1.0
6, 76, 245, 279, 246, 279, -1, 0, 3.141592653589793, 1.0
6, 77, 372, 186, 372, 187, 0, -1, -1.5707963267948966, 1.0
6, 78, 337, 176, 337, 176, 0, 0, 0.0, 0.0
6, 79, 134, 173, 135, 173, -1, 0, 3.141592653589793, 1.0
7, 0, 323, 267, 323, 268, 0, -1, -1.5707963267948966, 1.0
7, 1, 349, 215, 351, 215, -2, 0, 3.141592653589793, 2.0
7, 2, 351, 242, 352, 242, -1, 0, 3.141592653589793, 1.0
7, 3, 185, 241, 186, 241, -1, 0, 3.141592653589793, 1.0
7, 4, 274, 269, 277, 268, -3, 1, 2.819842099193151, 3.1622776601683795
7, 5, 250, 323, 250, 324, 0, -1, -1.5707963267948966, 1.0
7, 6, 465, 269, 465, 270, 0, -1, -1.5707963267948966, 1.0
7, 7, 291, 174, 291, 175, 0, -1, -1.5707963267948966, 1.0
7, 8, 274, 243, 275, 243, -1, 0, 3.141592653589793, 1.0
7, 9, 263, 179, 264, 179, -1, 0, 3.141592653589793, 1.0
7, 10, 182, 214, 182, 214, 0, 0, 0.0, 0.0
7, 11, 536, 317, 536, 318, 0, -1, -1.5707963267948966, 1.0
7, 12, 432, 264, 432, 264, 0, 0, 0.0, 0.0
7, 13, 390, 319, 390, 320, 0, -1, -1.5707963267948966, 1.0
7, 14, 537, 309, 537, 309, 0, 0, 0.0, 0.0
7, 15, 353, 267, 353, 265, 0, 2, 1.5707963267948966, 2.0
7, 16, 160, 223, 161, 223, -1, 0, 3.141592653589793, 1.0
7, 17, 293, 228, 293, 229, 0, -1, -1.5707963267948966, 1.0
7, 18, 132, 306, 132, 306, 0, 0, 0.0, 0.0
7, 19, 211, 303, 211, 303, 0, 0, 0.0, 0.0
7, 20, 190, 179, 190, 179, 0, 0, 0.0, 0.0
7, 21, 160, 349, 160, 350, 0, -1, -1.5707963267948966, 1.0
7, 22, 218, 204, 218, 205, 0, -1, -1.5707963267948966, 1.0
7, 23, 128, 388, 129, 387, -1, 1, 2.356194490192345, 1.4142135623730951
7, 24, 276, 221, 276, 222, 0, -1, -1.5707963267948966, 1.0
7, 25, 375, 266, 375, 267, 0, -1, -1.5707963267948966, 1.0
7, 26, 404, 278, 404, 278, 0, 0, 0.0, 0.0
7, 27, 315, 349, 315, 349, 0, 0, 0.0, 0.0
7, 28, 155, 178, 155, 178, 0, 0, 0.0, 0.0
7, 29, 252, 180, 253, 180, -1, 0, 3.141592653589793, 1.0
7, 30, 272, 233, 272, 233, 0, 0, 0.0, 0.0
7, 31, 444, 266, 444, 267, 0, -1, -1.5707963267948966, 1.0
7, 32, 438, 293, 438, 293, 0, 0, 0.0, 0.0
7, 33, 266, 222, 266, 222, 0, 0, 0.0, 0.0
7, 34, 322, 230, 322, 231, 0, -1, -1.5707963267948966, 1.0
7, 35, 193, 341, 194, 341, -1, 0, 3.141592653589793, 1.0
7, 36, 358, 236, 358, 236, 0, 0, 0.0, 0.0
7, 37, 373, 240, 373, 240, 0, 0, 0.0, 0.0
7, 38, 200, 204, 201, 204, -1, 0, 3.141592653589793, 1.0
7, 39, 229, 277, 229, 277, 0, 0, 0.0, 0.0
7, 40, 368, 350, 371, 348, -3, 2, 2.5535900500422257, 3.605551275463989
7, 41, 362, 204, 362, 205, 0, -1, -1.5707963267948966, 1.0
7, 42, 234, 191, 235, 191, -1, 0, 3.141592653589793, 1.0
7, 43, 305, 213, 305, 214, 0, -1, -1.5707963267948966, 1.0
7, 44, 94, 351, 94, 351, 0, 0, 0.0, 0.0
7, 45, 240, 171, 240, 171, 0, 0, 0.0, 0.0
7, 46, 219, 338, 219, 338, 0, 0, 0.0, 0.0
7, 47, 134, 229, 134, 229, 0, 0, 0.0, 0.0
7, 48, 452, 241, 452, 242, 0, -1, -1.5707963267948966, 1.0
7, 49, 164, 178, 164, 179, 0, -1, -1.5707963267948966, 1.0
7, 50, 237, 274, 238, 274, -1, 0, 3.141592653589793, 1.0
7, 51, 432, 215, 432, 215, 0, 0, 0.0, 0.0
7, 52, 326, 256, 326, 256, 0, 0, 0.0, 0.0
7, 53, 524, 328, 524, 328, 0, 0, 0.0, 0.0
7, 54, 315, 229, 315, 230, 0, -1, -1.5707963267948966, 1.0
7, 55, 538, 280, 538, 281, 0, -1, -1.5707963267948966, 1.0
7, 56, 286, 269, 287, 269, -1, 0, 3.141592653589793, 1.0
7, 57, 414, 220, 414, 220, 0, 0, 0.0, 0.0
7, 58, 135, 258, 135, 259, 0, -1, -1.5707963267948966, 1.0
7, 59, 438, 326, 438, 326, 0, 0, 0.0, 0.0
7, 60, 303, 201, 303, 202, 0, -1, -1.5707963267948966, 1.0
7, 61, 296, 197, 296, 197, 0, 0, 0.0, 0.0
7, 62, 503, 309, 504, 309, -1, 0, 3.141592653589793, 1.0
7, 63, 210, 275, 210, 275, 0, 0, 0.0, 0.0
7, 64, 557, 310, 556, 311, 1, -1, -0.7853981633974483, 1.4142135623730951
7, 65, 217, 176, 217, 177, 0, -1, -1.5707963267948966, 1.0
7, 66, 135, 390, 137, 390, -2, 0, 3.141592653589793, 2.0
7, 67, 245, 279, 245, 279, 0, 0, 0.0, 0.0
7, 68, 372, 185, 372, 186, 0, -1, -1.5707963267948966, 1.0
7, 69, 337, 175, 337, 176, 0, -1, -1.5707963267948966, 1.0
7, 70, 133, 173, 134, 173, -1, 0, 3.141592653589793, 1.0
8, 0, 322, 267, 323, 267, -1, 0, 3.141592653589793, 1.0
8, 1, 347, 215, 349, 215, -2, 0, 3.141592653589793, 2.0
8, 2, 351, 242, 351, 242, 0, 0, 0.0, 0.0
8, 3, 250, 322, 250, 323, 0, -1, -1.5707963267948966, 1.0
8, 4, 291, 173, 291, 174, 0, -1, -1.5707963267948966, 1.0
8, 5, 274, 244, 274, 243, 0, 1, 1.5707963267948966, 1.0
8, 6, 182, 213, 182, 214, 0, -1, -1.5707963267948966, 1.0
8, 7, 537, 316, 536, 317, 1, -1, -0.7853981633974483, 1.4142135623730951
8, 8, 432, 263, 432, 264, 0, -1, -1.5707963267948966, 1.0
8, 9, 537, 309, 537, 309, 0, 0, 0.0, 0.0
8, 10, 353, 266, 353, 267, 0, -1, -1.5707963267948966, 1.0
8, 11, 159, 223, 160, 223, -1, 0, 3.141592653589793, 1.0
8, 12, 293, 227, 293, 228, 0, -1, -1.5707963267948966, 1.0
8, 13, 130, 305, 132, 306, -2, -1, -2.677945044588987, 2.23606797749979
8, 14, 211, 302, 211, 303, 0, -1, -1.5707963267948966, 1.0
8, 15, 160, 348, 160, 349, 0, -1, -1.5707963267948966, 1.0
8, 16, 218, 203, 218, 204, 0, -1, -1.5707963267948966, 1.0
8, 17, 127, 389, 128, 388, -1, 1, 2.356194490192345, 1.4142135623730951
8, 18, 276, 220, 276, 221, 0, -1, -1.5707963267948966, 1.0
8, 19, 375, 265, 375, 266, 0, -1, -1.5707963267948966, 1.0
8, 20, 404, 277, 404, 278, 0, -1, -1.5707963267948966, 1.0
8, 21, 315, 349, 315, 349, 0, 0, 0.0, 0.0
8, 22, 155, 177, 155, 178, 0, -1, -1.5707963267948966, 1.0
8, 23, 251, 180, 252, 180, -1, 0, 3.141592653589793, 1.0
8, 24, 272, 232, 272, 233, 0, -1, -1.5707963267948966, 1.0
8, 25, 445, 265, 444, 266, 1, -1, -0.7853981633974483, 1.4142135623730951
8, 26, 439, 293, 438, 293, 1, 0, 0.0, 1.0
8, 27, 266, 221, 266, 222, 0, -1, -1.5707963267948966, 1.0
8, 28, 192, 341, 193, 341, -1, 0, 3.141592653589793, 1.0
8, 29, 358, 235, 358, 236, 0, -1, -1.5707963267948966, 1.0
8, 30, 373, 240, 373, 240, 0, 0, 0.0, 0.0
8, 31, 229, 276, 229, 277, 0, -1, -1.5707963267948966, 1.0
8, 32, 367, 351, 368, 350, -1, 1, 2.356194490192345, 1.4142135623730951
8, 33, 361, 205, 362, 204, -1, 1, 2.356194490192345, 1.4142135623730951
8, 34, 233, 191, 234, 191, -1, 0, 3.141592653589793, 1.0
8, 35, 305, 212, 305, 213, 0, -1, -1.5707963267948966, 1.0
8, 36, 93, 351, 94, 351, -1, 0, 3.141592653589793, 1.0
8, 37, 240, 170, 240, 171, 0, -1, -1.5707963267948966, 1.0
8, 38, 220, 338, 219, 338, 1, 0, 0.0, 1.0
8, 39, 134, 228, 134, 229, 0, -1, -1.5707963267948966, 1.0
8, 40, 452, 240, 452, 241, 0, -1, -1.5707963267948966, 1.0
8, 41, 236, 274, 237, 274, -1, 0, 3.141592653589793, 1.0
8, 42, 432, 215, 432, 215, 0, 0, 0.0, 0.0
8, 43, 326, 256, 326, 256, 0, 0, 0.0, 0.0
8, 44, 524, 328, 524, 328, 0, 0, 0.0, 0.0
8, 45, 315, 228, 315, 229, 0, -1, -1.5707963267948966, 1.0
8, 46, 538, 279, 538, 280, 0, -1, -1.5707963267948966, 1.0
8, 47, 414, 220, 414, 220, 0, 0, 0.0, 0.0
8, 48, 135, 257, 135, 258, 0, -1, -1.5707963267948966, 1.0
8, 49, 437, 326, 438, 326, -1, 0, 3.141592653589793, 1.0
8, 50, 303, 201, 303, 201, 0, 0, 0.0, 0.0
8, 51, 502, 309, 503, 309, -1, 0, 3.141592653589793, 1.0
8, 52, 558, 310, 557, 310, 1, 0, 0.0, 1.0
8, 53, 217, 175, 217, 176, 0, -1, -1.5707963267948966, 1.0
8, 54, 134, 391, 135, 390, -1, 1, 2.356194490192345, 1.4142135623730951
8, 55, 244, 279, 245, 279, -1, 0, 3.141592653589793, 1.0
8, 56, 372, 184, 372, 185, 0, -1, -1.5707963267948966, 1.0
8, 57, 337, 174, 337, 175, 0, -1, -1.5707963267948966, 1.0
9, 0, 323, 266, 322, 267, 1, -1, -0.7853981633974483, 1.4142135623730951
9, 1, 346, 215, 347, 215, -1, 0, 3.141592653589793, 1.0
9, 2, 350, 242, 351, 242, -1, 0, 3.141592653589793, 1.0
9, 3, 250, 322, 250, 322, 0, 0, 0.0, 0.0
9, 4, 291, 172, 291, 173, 0, -1, -1.5707963267948966, 1.0
9, 5, 182, 212, 182, 213, 0, -1, -1.5707963267948966, 1.0
9, 6, 537, 316, 537, 316, 0, 0, 0.0, 0.0
9, 7, 432, 263, 432, 263, 0, 0, 0.0, 0.0
9, 8, 537, 309, 537, 309, 0, 0, 0.0, 0.0
9, 9, 353, 265, 353, 266, 0, -1, -1.5707963267948966, 1.0
9, 10, 293, 227, 293, 227, 0, 0, 0.0, 0.0
9, 11, 211, 302, 211, 302, 0, 0, 0.0, 0.0
9, 12, 160, 347, 160, 348, 0, -1, -1.5707963267948966, 1.0
9, 13, 218, 202, 218, 203, 0, -1, -1.5707963267948966, 1.0
9, 14, 126, 390, 127, 389, -1, 1, 2.356194490192345, 1.4142135623730951
9, 15, 276, 219, 276, 220, 0, -1, -1.5707963267948966, 1.0
9, 16, 376, 264, 375, 265, 1, -1, -0.7853981633974483, 1.4142135623730951
9, 17, 404, 276, 404, 277, 0, -1, -1.5707963267948966, 1.0
9, 18, 315, 348, 315, 349, 0, -1, -1.5707963267948966, 1.0
9, 19, 154, 177, 155, 177, -1, 0, 3.141592653589793, 1.0
9, 20, 251, 180, 251, 180, 0, 0, 0.0, 0.0
9, 21, 272, 231, 272, 232, 0, -1, -1.5707963267948966, 1.0
9, 22, 445, 264, 445, 265, 0, -1, -1.5707963267948966, 1.0
9, 23, 439, 292, 439, 293, 0, -1, -1.5707963267948966, 1.0
9, 24, 266, 220, 266, 221, 0, -1, -1.5707963267948966, 1.0
9, 25, 191, 341, 192, 341, -1, 0, 3.141592653589793, 1.0
9, 26, 357, 235, 358, 235, -1, 0, 3.141592653589793, 1.0
9, 27, 373, 240, 373, 240, 0, 0, 0.0, 0.0
9, 28, 229, 275, 229, 276, 0, -1, -1.5707963267948966, 1.0
9, 29, 367, 351, 367, 351, 0, 0, 0.0, 0.0
9, 30, 232, 191, 233, 191, -1, 0, 3.141592653589793, 1.0
9, 31, 305, 211, 305, 212, 0, -1, -1.5707963267948966, 1.0
9, 32, 240, 169, 240, 170, 0, -1, -1.5707963267948966, 1.0
9, 33, 219, 338, 220, 338, -1, 0, 3.141592653589793, 1.0
9, 34, 133, 228, 134, 228, -1, 0, 3.141592653589793, 1.0
9, 35, 452, 239, 452, 240, 0, -1, -1.5707963267948966, 1.0
9, 36, 235, 274, 236, 274, -1, 0, 3.141592653589793, 1.0
9, 37, 432, 215, 432, 215, 0, 0, 0.0, 0.0
9, 38, 326, 256, 326, 256, 0, 0, 0.0, 0.0
9, 39, 524, 327, 524, 328, 0, -1, -1.5707963267948966, 1.0
9, 40, 315, 227, 315, 228, 0, -1, -1.5707963267948966, 1.0
9, 41, 538, 279, 538, 279, 0, 0, 0.0, 0.0
9, 42, 414, 220, 414, 220, 0, 0, 0.0, 0.0
9, 43, 135, 257, 135, 257, 0, 0, 0.0, 0.0
9, 44, 437, 326, 437, 326, 0, 0, 0.0, 0.0
9, 45, 303, 200, 303, 201, 0, -1, -1.5707963267948966, 1.0
9, 46, 501, 309, 502, 309, -1, 0, 3.141592653589793, 1.0
9, 47, 559, 309, 558, 310, 1, -1, -0.7853981633974483, 1.4142135623730951
9, 48, 217, 174, 217, 175, 0, -1, -1.5707963267948966, 1.0
9, 49, 132, 392, 134, 391, -2, 1, 2.677945044588987, 2.23606797749979
9, 50, 243, 279, 244, 279, -1, 0, 3.141592653589793, 1.0
9, 51, 372, 183, 372, 184, 0, -1, -1.5707963267948966, 1.0
9, 52, 337, 174, 337, 174, 0, 0, 0.0, 0.0
10, 0, 230, 278, 230, 278, 0, 0, 0.0, 0.0
10, 1, 279, 271, 280, 271, -1, 0, 3.141592653589793, 1.0
10, 2, 296, 190, 297, 190, -1, 0, 3.141592653589793, 1.0
10, 3, 149, 259, 149, 260, 0, -1, -1.5707963267948966, 1.0
10, 4, 348, 275, 349, 275, -1, 0, 3.141592653589793, 1.0
10, 5, 211, 304, 211, 304, 0, 0, 0.0, 0.0
10, 6, 336, 213, 337, 213, -1, 0, 3.141592653589793, 1.0
10, 7, 492, 300, 493, 302, -1, -2, -2.0344439357957027, 2.23606797749979
10, 8, 320, 261, 318, 262, 2, -1, -0.4636476090008061, 2.23606797749979
10, 9, 506, 309, 506, 309, 0, 0, 0.0, 0.0
10, 10, 537, 310, 537, 310, 0, 0, 0.0, 0.0
10, 11, 298, 218, 298, 219, 0, -1, -1.5707963267948966, 1.0
10, 12, 377, 266, 377, 266, 0, 0, 0.0, 0.0
10, 13, 130, 245, 131, 245, -1, 0, 3.141592653589793, 1.0
10, 14, 220, 204, 220, 205, 0, -1, -1.5707963267948966, 1.0
10, 15, 383, 216, 384, 216, -1, 0, 3.141592653589793, 1.0
10, 16, 388, 204, 388, 205, 0, -1, -1.5707963267948966, 1.0
10, 17, 188, 173, 188, 174, 0, -1, -1.5707963267948966, 1.0
10, 18, 252, 324, 252, 324, 0, 0, 0.0, 0.0
10, 19, 160, 227, 163, 224, -3, 3, 2.356194490192345, 4.242640687119285
10, 20, 353, 243, 353, 243, 0, 0, 0.0, 0.0
10, 21, 524, 329, 524, 329, 0, 0, 0.0, 0.0
10, 22, 190, 284, 191, 284, -1, 0, 3.141592653589793, 1.0
10, 23, 434, 265, 433, 266, 1, -1, -0.7853981633974483, 1.4142135623730951
10, 24, 395, 314, 395, 314, 0, 0, 0.0, 0.0
10, 25, 458, 269, 458, 270, 0, -1, -1.5707963267948966, 1.0
10, 26, 512, 314, 511, 314, 1, 0, 0.0, 1.0
10, 27, 450, 292, 452, 292, -2, 0, 3.141592653589793, 2.0
10, 28, 120, 246, 120, 247, 0, -1, -1.5707963267948966, 1.0
10, 29, 127, 391, 128, 390, -1, 1, 2.356194490192345, 1.4142135623730951
10, 30, 371, 351, 372, 351, -1, 0, 3.141592653589793, 1.0
10, 31, 126, 339, 127, 339, -1, 0, 3.141592653589793, 1.0
10, 32, 177, 228, 177, 229, 0, -1, -1.5707963267948966, 1.0
10, 33, 520, 306, 520, 307, 0, -1, -1.5707963267948966, 1.0
10, 34, 538, 317, 537, 319, 1, -2, -1.1071487177940904, 2.23606797749979
10, 35, 155, 177, 156, 177, -1, 0, 3.141592653589793, 1.0
10, 36, 217, 337, 217, 338, 0, -1, -1.5707963267948966, 1.0
10, 37, 211, 245, 211, 246, 0, -1, -1.5707963267948966, 1.0
10, 38, 293, 226, 293, 227, 0, -1, -1.5707963267948966, 1.0
10, 39, 305, 217, 305, 218, 0, -1, -1.5707963267948966, 1.0
10, 40, 371, 188, 371, 189, 0, -1, -1.5707963267948966, 1.0
10, 41, 389, 320, 389, 321, 0, -1, -1.5707963267948966, 1.0
10, 42, 350, 214, 351, 214, -1, 0, 3.141592653589793, 1.0
10, 43, 446, 267, 446, 268, 0, -1, -1.5707963267948966, 1.0
10, 44, 361, 199, 361, 199, 0, 0, 0.0, 0.0
10, 45, 208, 175, 209, 175, -1, 0, 3.141592653589793, 1.0
10, 46, 243, 224, 244, 224, -1, 0, 3.141592653589793, 1.0
10, 47, 265, 178, 265, 179, 0, -1, -1.5707963267948966, 1.0
10, 48, 303, 203, 304, 203, -1, 0, 3.141592653589793, 1.0
10, 49, 460, 303, 459, 303, 1, 0, 0.0, 1.0
10, 50, 323, 230, 323, 231, 0, -1, -1.5707963267948966, 1.0
10, 51, 278, 220, 278, 221, 0, -1, -1.5707963267948966, 1.0
10, 52, 159, 190, 159, 191, 0, -1, -1.5707963267948966, 1.0
10, 53, 97, 350, 97, 350, 0, 0, 0.0, 0.0
10, 54, 454, 242, 453, 243, 1, -1, -0.7853981633974483, 1.4142135623730951
10, 55, 325, 310, 326, 310, -1, 0, 3.141592653589793, 1.0
10, 56, 287, 334, 287, 335, 0, -1, -1.5707963267948966, 1.0
10, 57, 195, 275, 196, 275, -1, 0, 3.141592653589793, 1.0
10, 58, 318, 174, 318, 174, 0, 0, 0.0, 0.0
10, 59, 169, 172, 169, 173, 0, -1, -1.5707963267948966, 1.0
10, 60, 261, 287, 261, 289, 0, -2, -1.5707963267948966, 2.0
10, 61, 162, 351, 161, 351, 1, 0, 0.0, 1.0
10, 62, 282, 170, 283, 170, -1, 0, 3.141592653589793, 1.0
10, 63, 352, 222, 353, 222, -1, 0, 3.141592653589793, 1.0
10, 64, 223, 189, 223, 190, 0, -1, -1.5707963267948966, 1.0
10, 65, 438, 327, 438, 328, 0, -1, -1.5707963267948966, 1.0
10, 66, 341, 176, 341, 176, 0, 0, 0.0, 0.0
10, 67, 239, 201, 239, 202, 0, -1, -1.5707963267948966, 1.0
10, 68, 199, 349, 200, 349, -1, 0, 3.141592653589793, 1.0
10, 69, 344, 251, 344, 252, 0, -1, -1.5707963267948966, 1.0
10, 70, 326, 256, 326, 256, 0, 0, 0.0, 0.0
10, 71, 194, 343, 195, 343, -1, 0, 3.141592653589793, 1.0
10, 72, 305, 169, 305, 170, 0, -1, -1.5707963267948966, 1.0
10, 73, 406, 276, 406, 277, 0, -1, -1.5707963267948966, 1.0
10, 74, 259, 167, 259, 167, 0, 0, 0.0, 0.0
10, 75, 144, 190, 145, 190, -1, 0, 3.141592653589793, 1.0
10, 76, 208, 361, 209, 361, -1, 0, 3.141592653589793, 1.0
10, 77, 338, 186, 338, 187, 0, -1, -1.5707963267948966, 1.0
10, 78, 501, 340, 501, 340, 0, 0, 0.0, 0.0
10, 79, 315, 185, 317, 186, -2, -1, -2.677945044588987, 2.23606797749979
10, 80, 428, 271, 428, 272, 0, -1, -1.5707963267948966, 1.0
10, 81, 126, 356, 126, 356, 0, 0, 0.0, 0.0
10, 82, 235, 170, 235, 171, 0, -1, -1.5707963267948966, 1.0
10, 83, 402, 216, 403, 216, -1, 0, 3.141592653589793, 1.0
10, 84, 233, 250, 234, 250, -1, 0, 3.141592653589793, 1.0
10, 85, 293, 173, 293, 174, 0, -1, -1.5707963267948966, 1.0
10, 86, 376, 242, 376, 242, 0, 0, 0.0, 0.0
10, 87, 191, 219, 191, 220, 0, -1, -1.5707963267948966, 1.0
10, 88, 569, 300, 568, 301, 1, -1, -0.7853981633974483, 1.4142135623730951
10, 89, 624, 323, 626, 323, -2, 0, 3.141592653589793, 2.0
10, 90, 387, 268, 388, 268, -1, 0, 3.141592653589793, 1.0
10, 91, 415, 221, 415, 221, 0, 0, 0.0, 0.0
10, 92, 426, 278, 426, 279, 0, -1, -1.5707963267948966, 1.0
10, 93, 146, 174, 147, 174, -1, 0, 3.141592653589793, 1.0
10, 94, 167, 266, 167, 267, 0, -1, -1.5707963267948966, 1.0
10, 95, 343, 260, 343, 260, 0, 0, 0.0, 0.0
10, 96, 223, 332, 223, 332, 0, 0, 0.0, 0.0
10, 97, 216, 181, 216, 181, 0, 0, 0.0, 0.0
10, 98, 436, 240, 436, 240, 0, 0, 0.0, 0.0
10, 99, 365, 182, 365, 182, 0, 0, 0.0, 0.0
10, 100, 333, 177, 333, 177, 0, 0, 0.0, 0.0
10, 101, 241, 176, 241, 177, 0, -1, -1.5707963267948966, 1.0
10, 102, 213, 317, 213, 318, 0, -1, -1.5707963267948966, 1.0
10, 103, 380, 348, 380, 349, 0, -1, -1.5707963267948966, 1.0
10, 104, 431, 300, 431, 301, 0, -1, -1.5707963267948966, 1.0
10, 105, 351, 265, 351, 266, 0, -1, -1.5707963267948966, 1.0
10, 106, 433, 217, 433, 217, 0, 0, 0.0, 0.0
10, 107, 124, 173, 125, 173, -1, 0, 3.141592653589793, 1.0
10, 108, 558, 312, 557, 312, 1, 0, 0.0, 1.0
10, 109, 210, 191, 210, 192, 0, -1, -1.5707963267948966, 1.0
10, 110, 259, 242, 259, 243, 0, -1, -1.5707963267948966, 1.0
10, 111, 272, 175, 272, 176, 0, -1, -1.5707963267948966, 1.0
10, 112, 357, 361, 358, 361, -1, 0, 3.141592653589793, 1.0
10, 113, 326, 162, 326, 162, 0, 0, 0.0, 0.0
10, 114, 537, 294, 537, 295, 0, -1, -1.5707963267948966, 1.0
10, 115, 576, 312, 575, 312, 1, 0, 0.0, 1.0
10, 116, 316, 358, 316, 358, 0, 0, 0.0, 0.0
10, 117, 289, 181, 289, 182, 0, -1, -1.5707963267948966, 1.0
10, 118, 180, 254, 180, 255, 0, -1, -1.5707963267948966, 1.0
10, 119, 306, 264, 307, 264, -1, 0, 3.141592653589793, 1.0
10, 120, 119, 226, 119, 227, 0, -1, -1.5707963267948966, 1.0
10, 121, 287, 220, 287, 220, 0, 0, 0.0, 0.0
10, 122, 153, 288, 153, 289, 0, -1, -1.5707963267948966, 1.0
10, 123, 135, 337, 135, 338, 0, -1, -1.5707963267948966, 1.0
10, 124, 319, 274, 318, 275, 1, -1, -0.7853981633974483, 1.4142135623730951
10, 125, 287, 250, 288, 250, -1, 0, 3.141592653589793, 1.0
10, 126, 259, 342, 262, 342, -3, 0, 3.141592653589793, 3.0
10, 127, 155, 267, 155, 268, 0, -1, -1.5707963267948966, 1.0
10, 128, 343, 363, 346, 363, -3, 0, 3.141592653589793, 3.0
10, 129, 279, 180, 279, 181, 0, -1, -1.5707963267948966, 1.0
10, 130, 282, 323, 282, 324, 0, -1, -1.5707963267948966, 1.0
10, 131, 516, 337, 517, 337, -1, 0, 3.141592653589793, 1.0
10, 132, 380, 222, 380, 222, 0, 0, 0.0, 0.0
10, 133, 414, 259, 414, 260, 0, -1, -1.5707963267948966, 1.0
10, 134, 374, 317, 373, 316, 1, 1, 0.7853981633974483, 1.4142135623730951
10, 135, 428, 258, 429, 258, -1, 0, 3.141592653589793, 1.0
10, 136, 247, 329, 246, 329, 1, 0, 0.0, 1.0
10, 137, 338, 232, 340, 233, -2, -1, -2.677945044588987, 2.23606797749979
10, 138, 564, 326, 563, 326, 1, 0, 0.0, 1.0
10, 139, 234, 323, 234, 324, 0, -1, -1.5707963267948966, 1.0
11, 0, 230, 277, 230, 278, 0, -1, -1.5707963267948966, 1.0
11, 1, 149, 259, 149, 259, 0, 0, 0.0, 0.0
11, 2, 211, 303, 211, 304, 0, -1, -1.5707963267948966, 1.0
11, 3, 335, 213, 336, 213, -1, 0, 3.141592653589793, 1.0
11, 4, 320, 260, 320, 261, 0, -1, -1.5707963267948966, 1.0
11, 5, 506, 309, 506, 309, 0, 0, 0.0, 0.0
11, 6, 537, 310, 537, 310, 0, 0, 0.0, 0.0
11, 7, 298, 217, 298, 218, 0, -1, -1.5707963267948966, 1.0
11, 8, 377, 266, 377, 266, 0, 0, 0.0, 0.0
11, 9, 388, 204, 388, 204, 0, 0, 0.0, 0.0
11, 10, 252, 324, 252, 324, 0, 0, 0.0, 0.0
11, 11, 159, 227, 160, 227, -1, 0, 3.141592653589793, 1.0
11, 12, 353, 242, 353, 243, 0, -1, -1.5707963267948966, 1.0
11, 13, 524, 329, 524, 329, 0, 0, 0.0, 0.0
11, 14, 434, 264, 434, 265, 0, -1, -1.5707963267948966, 1.0
11, 15, 396, 314, 395, 314, 1, 0, 0.0, 1.0
11, 16, 458, 268, 458, 269, 0, -1, -1.5707963267948966, 1.0
11, 17, 512, 313, 512, 314, 0, -1, -1.5707963267948966, 1.0
11, 18, 126, 391, 127, 391, -1, 0, 3.141592653589793, 1.0
11, 19, 370, 351, 371, 351, -1, 0, 3.141592653589793, 1.0
11, 20, 125, 339, 126, 339, -1, 0, 3.141592653589793, 1.0
11, 21, 177, 227, 177, 228, 0, -1, -1.5707963267948966, 1.0
11, 22, 520, 305, 520, 306, 0, -1, -1.5707963267948966, 1.0
11, 23, 538, 317, 538, 317, 0, 0, 0.0, 0.0
11, 24, 155, 177, 155, 177, 0, 0, 0.0, 0.0
11, 25, 217, 336, 217, 337, 0, -1, -1.5707963267948966, 1.0
11, 26, 211, 245, 211, 245, 0, 0, 0.0, 0.0
11, 27, 293, 227, 293, 226, 0, 1, 1.5707963267948966, 1.0
11, 28, 305, 216, 305, 217, 0, -1, -1.5707963267948966, 1.0
11, 29, 371, 187, 371, 188, 0, -1, -1.5707963267948966, 1.0
11, 30, 349, 214, 350, 214, -1, 0, 3.141592653589793, 1.0
11, 31, 446, 266, 446, 267, 0, -1, -1.5707963267948966, 1.0
11, 32, 361, 198, 361, 199, 0, -1, -1.5707963267948966, 1.0
11, 33, 207, 175, 208, 175, -1, 0, 3.141592653589793, 1.0
11, 34, 242, 224, 243, 224, -1, 0, 3.141592653589793, 1.0
11, 35, 265, 178, 265, 178, 0, 0, 0.0, 0.0
11, 36, 302, 203, 303, 203, -1, 0, 3.141592653589793, 1.0
11, 37, 460, 302, 460, 303, 0, -1, -1.5707963267948966, 1.0
11, 38, 323, 229, 323, 230, 0, -1, -1.5707963267948966, 1.0
11, 39, 278, 219, 278, 220, 0, -1, -1.5707963267948966, 1.0
11, 40, 158, 190, 159, 190, -1, 0, 3.141592653589793, 1.0
11, 41, 97, 349, 97, 350, 0, -1, -1.5707963267948966, 1.0
11, 42, 454, 241, 454, 242, 0, -1, -1.5707963267948966, 1.0
11, 43, 325, 310, 325, 310, 0, 0, 0.0, 0.0
11, 44, 287, 333, 287, 334, 0, -1, -1.5707963267948966, 1.0
11, 45, 194, 275, 195, 275, -1, 0, 3.141592653589793, 1.0
11, 46, 318, 173, 318, 174, 0, -1, -1.5707963267948966, 1.0
11, 47, 261, 286, 261, 287, 0, -1, -1.5707963267948966, 1.0
11, 48, 162, 350, 162, 351, 0, -1, -1.5707963267948966, 1.0
11, 49, 282, 169, 282, 170, 0, -1, -1.5707963267948966, 1.0
11, 50, 352, 222, 352, 222, 0, 0, 0.0, 0.0
11, 51, 222, 189, 223, 189, -1, 0, 3.141592653589793, 1.0
11, 52, 438, 326, 438, 327, 0, -1, -1.5707963267948966, 1.0
11, 53, 341, 176, 341, 176, 0, 0, 0.0, 0.0
11, 54, 238, 201, 239, 201, -1, 0, 3.141592653589793, 1.0
11, 55, 198, 349, 199, 349, -1, 0, 3.141592653589793, 1.0
11, 56, 344, 251, 344, 251, 0, 0, 0.0, 0.0
11, 57, 326, 256, 326, 256, 0, 0, 0.0, 0.0
11, 58, 193, 343, 194, 343, -1, 0, 3.141592653589793, 1.0
11, 59, 304, 169, 305, 169, -1, 0, 3.141592653589793, 1.0
11, 60, 406, 276, 406, 276, 0, 0, 0.0, 0.0
11, 61, 259, 167, 259, 167, 0, 0, 0.0, 0.0
11, 62, 144, 190, 144, 190, 0, 0, 0.0, 0.0
11, 63, 338, 185, 338, 186, 0, -1, -1.5707963267948966, 1.0
11, 64, 501, 340, 501, 340, 0, 0, 0.0, 0.0
11, 65, 428, 271, 428, 271, 0, 0, 0.0, 0.0
11, 66, 126, 357, 126, 356, 0, 1, 1.5707963267948966, 1.0
11, 67, 235, 169, 235, 170, 0, -1, -1.5707963267948966, 1.0
11, 68, 402, 215, 402, 216, 0, -1, -1.5707963267948966, 1.0
11, 69, 232, 250, 233, 250, -1, 0, 3.141592653589793, 1.0
11, 70, 293, 172, 293, 173, 0, -1, -1.5707963267948966, 1.0
11, 71, 376, 241, 376, 242, 0, -1, -1.5707963267948966, 1.0
11, 72, 191, 218, 191, 219, 0, -1, -1.5707963267948966, 1.0
11, 73, 569, 299, 569, 300, 0, -1, -1.5707963267948966, 1.0
11, 74, 622, 323, 624, 323, -2, 0, 3.141592653589793, 2.0
11, 75, 415, 220, 415, 221, 0, -1, -1.5707963267948966, 1.0
11, 76, 426, 277, 426, 278, 0, -1, -1.5707963267948966, 1.0
11, 77, 167, 266, 167, 266, 0, 0, 0.0, 0.0
11, 78, 343, 260, 343, 260, 0, 0, 0.0, 0.0
11, 79, 222, 332, 223, 332, -1, 0, 3.141592653589793, 1.0
11, 80, 216, 181, 216, 181, 0, 0, 0.0, 0.0
11, 81, 436, 240, 436, 240, 0, 0, 0.0, 0.0
11, 82, 365, 181, 365, 182, 0, -1, -1.5707963267948966, 1.0
11, 83, 332, 177, 333, 177, -1, 0, 3.141592653589793, 1.0
11, 84, 241, 175, 241, 176, 0, -1, -1.5707963267948966, 1.0
11, 85, 212, 317, 213, 317, -1, 0, 3.141592653589793, 1.0
11, 86, 380, 347, 380, 348, 0, -1, -1.5707963267948966, 1.0
11, 87, 431, 299, 431, 300, 0, -1, -1.5707963267948966, 1.0
11, 88, 351, 265, 351, 265, 0, 0, 0.0, 0.0
11, 89, 433, 216, 433, 217, 0, -1, -1.5707963267948966, 1.0
11, 90, 559, 312, 558, 312, 1, 0, 0.0, 1.0
11, 91, 209, 191, 210, 191, -1, 0, 3.141592653589793, 1.0
11, 92, 259, 241, 259, 242, 0, -1, -1.5707963267948966, 1.0
11, 93, 356, 361, 357, 361, -1, 0, 3.141592653589793, 1.0
11, 94, 326, 161, 326, 162, 0, -1, -1.5707963267948966, 1.0
11, 95, 537, 293, 537, 294, 0, -1, -1.5707963267948966, 1.0
11, 96, 577, 312, 576, 312, 1, 0, 0.0, 1.0
11, 97, 316, 358, 316, 358, 0, 0, 0.0, 0.0
11, 98, 305, 264, 306, 264, -1, 0, 3.141592653589793, 1.0
11, 99, 119, 225, 119, 226, 0, -1, -1.5707963267948966, 1.0
11, 100, 286, 220, 287, 220, -1, 0, 3.141592653589793, 1.0
11, 101, 153, 288, 153, 288, 0, 0, 0.0, 0.0
11, 102, 135, 336, 135, 337, 0, -1, -1.5707963267948966, 1.0
11, 103, 319, 273, 319, 274, 0, -1, -1.5707963267948966, 1.0
11, 104, 260, 341, 259, 342, 1, -1, -0.7853981633974483, 1.4142135623730951
11, 105, 155, 267, 155, 267, 0, 0, 0.0, 0.0
11, 106, 340, 362, 343, 363, -3, -1, -2.819842099193151, 3.1622776601683795
11, 107, 279, 179, 279, 180, 0, -1, -1.5707963267948966, 1.0
11, 108, 282, 322, 282, 323, 0, -1, -1.5707963267948966, 1.0
11, 109, 515, 337, 516, 337, -1, 0, 3.141592653589793, 1.0
11, 110, 380, 222, 380, 222, 0, 0, 0.0, 0.0
11, 111, 414, 258, 414, 259, 0, -1, -1.5707963267948966, 1.0
11, 112, 374, 317, 374, 317, 0, 0, 0.0, 0.0
11, 113, 427, 258, 428, 258, -1, 0, 3.141592653589793, 1.0
11, 114, 247, 329, 247, 329, 0, 0, 0.0, 0.0
11, 115, 336, 231, 338, 232, -2, -1, -2.677945044588987, 2.23606797749979
11, 116, 566, 325, 564, 326, 2, -1, -0.4636476090008061, 2.23606797749979
11, 117, 234, 322, 234, 323, 0, -1, -1.5707963267948966, 1.0
12, 0, 230, 277, 230, 277, 0, 0, 0.0, 0.0
12, 1, 149, 259, 149, 259, 0, 0, 0.0, 0.0
12, 2, 210, 303, 211, 303, -1, 0, 3.141592653589793, 1.0
12, 3, 334, 213, 335, 213, -1, 0, 3.141592653589793, 1.0
12, 4, 321, 260, 320, 260, 1, 0, 0.0, 1.0
12, 5, 506, 309, 506, 309, 0, 0, 0.0, 0.0
12, 6, 537, 310, 537, 310, 0, 0, 0.0, 0.0
12, 7, 298, 217, 298, 217, 0, 0, 0.0, 0.0
12, 8, 377, 266, 377, 266, 0, 0, 0.0, 0.0
12, 9, 387, 204, 388, 204, -1, 0, 3.141592653589793, 1.0
12, 10, 253, 325, 252, 324, 1, 1, 0.7853981633974483, 1.4142135623730951
12, 11, 158, 227, 159, 227, -1, 0, 3.141592653589793, 1.0
12, 12, 353, 241, 353, 242, 0, -1, -1.5707963267948966, 1.0
12, 13, 524, 329, 524, 329, 0, 0, 0.0, 0.0
12, 14, 434, 263, 434, 264, 0, -1, -1.5707963267948966, 1.0
12, 15, 396, 314, 396, 314, 0, 0, 0.0, 0.0
12, 16, 458, 267, 458, 268, 0, -1, -1.5707963267948966, 1.0
12, 17, 512, 313, 512, 313, 0, 0, 0.0, 0.0
12, 18, 125, 391, 126, 391, -1, 0, 3.141592653589793, 1.0
12, 19, 368, 350, 370, 351, -2, -1, -2.677945044588987, 2.23606797749979
12, 20, 124, 339, 125, 339, -1, 0, 3.141592653589793, 1.0
12, 21, 520, 304, 520, 305, 0, -1, -1.5707963267948966, 1.0
12, 22, 539, 317, 538, 317, 1, 0, 0.0, 1.0
12, 23, 155, 177, 155, 177, 0, 0, 0.0, 0.0
12, 24, 217, 336, 217, 336, 0, 0, 0.0, 0.0
12, 25, 210, 245, 211, 245, -1, 0, 3.141592653589793, 1.0
12, 26, 293, 226, 293, 227, 0, -1, -1.5707963267948966, 1.0
12, 27, 305, 215, 305, 216, 0, -1, -1.5707963267948966, 1.0
12, 28, 371, 186, 371, 187, 0, -1, -1.5707963267948966, 1.0
12, 29, 446, 266, 446, 266, 0, 0, 0.0, 0.0
12, 30, 360, 198, 361, 198, -1, 0, 3.141592653589793, 1.0
12, 31, 207, 175, 207, 175, 0, 0, 0.0, 0.0
12, 32, 265, 178, 265, 178, 0, 0, 0.0, 0.0
12, 33, 302, 203, 302, 203, 0, 0, 0.0, 0.0
12, 34, 461, 301, 460, 302, 1, -1, -0.7853981633974483, 1.4142135623730951
12, 35, 323, 228, 323, 229, 0, -1, -1.5707963267948966, 1.0
12, 36, 278, 218, 278, 219, 0, -1, -1.5707963267948966, 1.0
12, 37, 157, 190, 158, 190, -1, 0, 3.141592653589793, 1.0
12, 38, 93, 346, 97, 349, -4, -3, -2.498091544796509, 5.0
12, 39, 454, 241, 454, 241, 0, 0, 0.0, 0.0
12, 40, 325, 310, 325, 310, 0, 0, 0.0, 0.0
12, 41, 287, 332, 287, 333, 0, -1, -1.5707963267948966, 1.0
12, 42, 193, 275, 194, 275, -1, 0, 3.141592653589793, 1.0
12, 43, 318, 173, 318, 173, 0, 0, 0.0, 0.0
12, 44, 261, 286, 261, 286, 0, 0, 0.0, 0.0
12, 45, 162, 349, 162, 350, 0, -1, -1.5707963267948966, 1.0
12, 46, 352, 222, 352, 222, 0, 0, 0.0, 0.0
12, 47, 438, 325, 438, 326, 0, -1, -1.5707963267948966, 1.0
12, 48, 341, 176, 341, 176, 0, 0, 0.0, 0.0
12, 49, 238, 201, 238, 201, 0, 0, 0.0, 0.0
12, 50, 197, 349, 198, 349, -1, 0, 3.141592653589793, 1.0
12, 51, 344, 251, 344, 251, 0, 0, 0.0, 0.0
12, 52, 326, 255, 326, 256, 0, -1, -1.5707963267948966, 1.0
12, 53, 192, 343, 193, 343, -1, 0, 3.141592653589793, 1.0
12, 54, 304, 168, 304, 169, 0, -1, -1.5707963267948966, 1.0
12, 55, 406, 276, 406, 276, 0, 0, 0.0, 0.0
12, 56, 259, 166, 259, 167, 0, -1, -1.5707963267948966, 1.0
12, 57, 143, 190, 144, 190, -1, 0, 3.141592653589793, 1.0
12, 58, 338, 184, 338, 185, 0, -1, -1.5707963267948966, 1.0
12, 59, 501, 340, 501, 340, 0, 0, 0.0, 0.0
12, 60, 428, 270, 428, 271, 0, -1, -1.5707963267948966, 1.0
12, 61, 126, 357, 126, 357, 0, 0, 0.0, 0.0
12, 62, 235, 169, 235, 169, 0, 0, 0.0, 0.0
12, 63, 402, 214, 402, 215, 0, -1, -1.5707963267948966, 1.0
12, 64, 292, 172, 293, 172, -1, 0, 3.141592653589793, 1.0
12, 65, 376, 241, 376, 241, 0, 0, 0.0, 0.0
12, 66, 191, 217, 191, 218, 0, -1, -1.5707963267948966, 1.0
12, 67, 570, 298, 569, 299, 1, -1, -0.7853981633974483, 1.4142135623730951
12, 68, 621, 323, 622, 323, -1, 0, 3.141592653589793, 1.0
12, 69, 415, 219, 415, 220, 0, -1, -1.5707963267948966, 1.0
12, 70, 426, 277, 426, 277, 0, 0, 0.0, 0.0
12, 71, 343, 259, 343, 260, 0, -1, -1.5707963267948966, 1.0
12, 72, 221, 332, 222, 332, -1, 0, 3.141592653589793, 1.0
12, 73, 216, 180, 216, 181, 0, -1, -1.5707963267948966, 1.0
12, 74, 436, 239, 436, 240, 0, -1, -1.5707963267948966, 1.0
12, 75, 365, 180, 365, 181, 0, -1, -1.5707963267948966, 1.0
12, 76, 332, 177, 332, 177, 0, 0, 0.0, 0.0
12, 77, 241, 174, 241, 175, 0, -1, -1.5707963267948966, 1.0
12, 78, 381, 347, 380, 347, 1, 0, 0.0, 1.0
12, 79, 431, 298, 431, 299, 0, -1, -1.5707963267948966, 1.0
12, 80, 351, 264, 351, 265, 0, -1, -1.5707963267948966, 1.0
12, 81, 433, 215, 433, 216, 0, -1, -1.5707963267948966, 1.0
12, 82, 560, 313, 559, 312, 1, 1, 0.7853981633974483, 1.4142135623730951
12, 83, 209, 190, 209, 191, 0, -1, -1.5707963267948966, 1.0
12, 84, 258, 241, 259, 241, -1, 0, 3.141592653589793, 1.0
12, 85, 355, 361, 356, 361, -1, 0, 3.141592653589793, 1.0
12, 86, 326, 160, 326, 161, 0, -1, -1.5707963267948966, 1.0
12, 87, 538, 293, 537, 293, 1, 0, 0.0, 1.0
12, 88, 577, 312, 577, 312, 0, 0, 0.0, 0.0
12, 89, 316, 358, 316, 358, 0, 0, 0.0, 0.0
12, 90, 304, 264, 305, 264, -1, 0, 3.141592653589793, 1.0
12, 91, 119, 224, 119, 225, 0, -1, -1.5707963267948966, 1.0
12, 92, 286, 220, 286, 220, 0, 0, 0.0, 0.0
12, 93, 153, 287, 153, 288, 0, -1, -1.5707963267948966, 1.0
12, 94, 135, 335, 135, 336, 0, -1, -1.5707963267948966, 1.0
12, 95, 319, 273, 319, 273, 0, 0, 0.0, 0.0
12, 96, 261, 342, 260, 341, 1, 1, 0.7853981633974483, 1.4142135623730951
12, 97, 155, 266, 155, 267, 0, -1, -1.5707963267948966, 1.0
12, 98, 338, 362, 340, 362, -2, 0, 3.141592653589793, 2.0
12, 99, 279, 178, 279, 179, 0, -1, -1.5707963267948966, 1.0
12, 100, 515, 337, 515, 337, 0, 0, 0.0, 0.0
12, 101, 380, 222, 380, 222, 0, 0, 0.0, 0.0
12, 102, 414, 258, 414, 258, 0, 0, 0.0, 0.0
12, 103, 374, 317, 374, 317, 0, 0, 0.0, 0.0
12, 104, 427, 258, 427, 258, 0, 0, 0.0, 0.0
12, 105, 248, 329, 247, 329, 1, 0, 0.0, 1.0
12, 106, 335, 231, 336, 231, -1, 0, 3.141592653589793, 1.0
12, 107, 568, 323, 566, 325, 2, -2, -0.7853981633974483, 2.8284271247461903
13, 0, 230, 277, 230, 277, 0, 0, 0.0, 0.0
13, 1, 148, 259, 149, 259, -1, 0, 3.141592653589793, 1.0
13, 2, 209, 303, 210, 303, -1, 0, 3.141592653589793, 1.0
13, 3, 333, 213, 334, 213, -1, 0, 3.141592653589793, 1.0
13, 4, 321, 260, 321, 260, 0, 0, 0.0, 0.0
13, 5, 506, 309, 506, 309, 0, 0, 0.0, 0.0
13, 6, 537, 310, 537, 310, 0, 0, 0.0, 0.0
13, 7, 298, 217, 298, 217, 0, 0, 0.0, 0.0
13, 8, 377, 266, 377, 266, 0, 0, 0.0, 0.0
13, 9, 386, 204, 387, 204, -1, 0, 3.141592653589793, 1.0
13, 10, 253, 325, 253, 325, 0, 0, 0.0, 0.0
13, 11, 524, 328, 524, 329, 0, -1, -1.5707963267948966, 1.0
13, 12, 434, 263, 434, 263, 0, 0, 0.0, 0.0
13, 13, 396, 314, 396, 314, 0, 0, 0.0, 0.0
13, 14, 458, 266, 458, 267, 0, -1, -1.5707963267948966, 1.0
13, 15, 511, 313, 512, 313, -1, 0, 3.141592653589793, 1.0
13, 16, 123, 391, 125, 391, -2, 0, 3.141592653589793, 2.0
13, 17, 520, 303, 520, 304, 0, -1, -1.5707963267948966, 1.0
13, 18, 539, 317, 539, 317, 0, 0, 0.0, 0.0
13, 19, 155, 176, 155, 177, 0, -1, -1.5707963267948966, 1.0
13, 20, 217, 336, 217, 336, 0, 0, 0.0, 0.0
13, 21, 209, 245, 210, 245, -1, 0, 3.141592653589793, 1.0
13, 22, 293, 227, 293, 226, 0, 1, 1.5707963267948966, 1.0
13, 23, 305, 214, 305, 215, 0, -1, -1.5707963267948966, 1.0
13, 24, 371, 185, 371, 186, 0, -1, -1.5707963267948966, 1.0
13, 25, 447, 265, 446, 266, 1, -1, -0.7853981633974483, 1.4142135623730951
13, 26, 359, 198, 360, 198, -1, 0, 3.141592653589793, 1.0
13, 27, 206, 175, 207, 175, -1, 0, 3.141592653589793, 1.0
13, 28, 265, 177, 265, 178, 0, -1, -1.5707963267948966, 1.0
13, 29, 302, 202, 302, 203, 0, -1, -1.5707963267948966, 1.0
13, 30, 462, 301, 461, 301, 1, 0, 0.0, 1.0
13, 31, 323, 228, 323, 228, 0, 0, 0.0, 0.0
13, 32, 278, 217, 278, 218, 0, -1, -1.5707963267948966, 1.0
13, 33, 157, 189, 157, 190, 0, -1, -1.5707963267948966, 1.0
13, 34, 93, 346, 93, 346, 0, 0, 0.0, 0.0
13, 35, 454, 241, 454, 241, 0, 0, 0.0, 0.0
13, 36, 325, 310, 325, 310, 0, 0, 0.0, 0.0
13, 37, 287, 331, 287, 332, 0, -1, -1.5707963267948966, 1.0
13, 38, 192, 275, 193, 275, -1, 0, 3.141592653589793, 1.0
13, 39, 318, 173, 318, 173, 0, 0, 0.0, 0.0
13, 40, 261, 286, 261, 286, 0, 0, 0.0, 0.0
13, 41, 162, 348, 162, 349, 0, -1, -1.5707963267948966, 1.0
13, 42, 341, 176, 341, 176, 0, 0, 0.0, 0.0
13, 43, 238, 200, 238, 201, 0, -1, -1.5707963267948966, 1.0
13, 44, 197, 349, 197, 349, 0, 0, 0.0, 0.0
13, 45, 344, 250, 344, 251, 0, -1, -1.5707963267948966, 1.0
13, 46, 326, 254, 326, 255, 0, -1, -1.5707963267948966, 1.0
13, 47, 191, 343, 192, 343, -1, 0, 3.141592653589793, 1.0
13, 48, 303, 168, 304, 168, -1, 0, 3.141592653589793, 1.0
13, 49, 406, 276, 406, 276, 0, 0, 0.0, 0.0
13, 50, 259, 166, 259, 166, 0, 0, 0.0, 0.0
13, 51, 338, 183, 338, 184, 0, -1, -1.5707963267948966, 1.0
13, 52, 501, 340, 501, 340, 0, 0, 0.0, 0.0
13, 53, 428, 270, 428, 270, 0, 0, 0.0, 0.0
13, 54, 126, 358, 126, 357, 0, 1, 1.5707963267948966, 1.0
13, 55, 235, 169, 235, 169, 0, 0, 0.0, 0.0
13, 56, 402, 213, 402, 214, 0, -1, -1.5707963267948966, 1.0
13, 57, 292, 171, 292, 172, 0, -1, -1.5707963267948966, 1.0
13, 58, 376, 241, 376, 241, 0, 0, 0.0, 0.0
13, 59, 191, 216, 191, 217, 0, -1, -1.5707963267948966, 1.0
13, 60, 570, 297, 570, 298, 0, -1, -1.5707963267948966, 1.0
13, 61, 620, 323, 621, 323, -1, 0, 3.141592653589793, 1.0
13, 62, 415, 219, 415, 219, 0, 0, 0.0, 0.0
13, 63, 425, 277, 426, 277, -1, 0, 3.141592653589793, 1.0
13, 64, 343, 258, 343, 259, 0, -1, -1.5707963267948966, 1.0
13, 65, 220, 332, 221, 332, -1, 0, 3.141592653589793, 1.0
13, 66, 216, 180, 216, 180, 0, 0, 0.0, 0.0
13, 67, 436, 238, 436, 239, 0, -1, -1.5707963267948966, 1.0
13, 68, 364, 180, 365, 180, -1, 0, 3.141592653589793, 1.0
13, 69, 331, 177, 332, 177, -1, 0, 3.141592653589793, 1.0
13, 70, 240, 175, 241, 174, -1, 1, 2.356194490192345, 1.4142135623730951
13, 71, 381, 347, 381, 347, 0, 0, 0.0, 0.0
13, 72, 431, 298, 431, 298, 0, 0, 0.0, 0.0
13, 73, 351, 263, 351, 264, 0, -1, -1.5707963267948966, 1.0
13, 74, 433, 214, 433, 215, 0, -1, -1.5707963267948966, 1.0
13, 75, 560, 313, 560, 313, 0, 0, 0.0, 0.0
13, 76, 209, 189, 209, 190, 0, -1, -1.5707963267948966, 1.0
13, 77, 326, 159, 326, 160, 0, -1, -1.5707963267948966, 1.0
13, 78, 538, 292, 538, 293, 0, -1, -1.5707963267948966, 1.0
13, 79, 577, 310, 577, 312, 0, -2, -1.5707963267948966, 2.0
13, 80, 315, 359, 316, 358, -1, 1, 2.356194490192345, 1.4142135623730951
13, 81, 303, 264, 304, 264, -1, 0, 3.141592653589793, 1.0
13, 82, 119, 224, 119, 224, 0, 0, 0.0, 0.0
13, 83, 286, 220, 286, 220, 0, 0, 0.0, 0.0
13, 84, 153, 286, 153, 287, 0, -1, -1.5707963267948966, 1.0
13, 85, 135, 334, 135, 335, 0, -1, -1.5707963267948966, 1.0
13, 86, 319, 273, 319, 273, 0, 0, 0.0, 0.0
13, 87, 262, 343, 261, 342, 1, 1, 0.7853981633974483, 1.4142135623730951
13, 88, 155, 266, 155, 266, 0, 0, 0.0, 0.0
13, 89, 336, 362, 338, 362, -2, 0, 3.141592653589793, 2.0
13, 90, 279, 177, 279, 178, 0, -1, -1.5707963267948966, 1.0
13, 91, 515, 337, 515, 337, 0, 0, 0.0, 0.0
13, 92, 380, 222, 380, 222, 0, 0, 0.0, 0.0
13, 93, 414, 258, 414, 258, 0, 0, 0.0, 0.0
13, 94, 375, 317, 374, 317, 1, 0, 0.0, 1.0
13, 95, 427, 258, 427, 258, 0, 0, 0.0, 0.0
13, 96, 248, 329, 248, 329, 0, 0, 0.0, 0.0
13, 97, 569, 323, 568, 323, 1, 0, 0.0, 1.0
14, 0, 147, 259, 148, 259, -1, 0, 3.141592653589793, 1.0
14, 1, 209, 302, 209, 303, 0, -1, -1.5707963267948966, 1.0
14, 2, 332, 213, 333, 213, -1, 0, 3.141592653589793, 1.0
14, 3, 321, 260, 321, 260, 0, 0, 0.0, 0.0
14, 4, 506, 309, 506, 309, 0, 0, 0.0, 0.0
14, 5, 537, 310, 537, 310, 0, 0, 0.0, 0.0
14, 6, 298, 216, 298, 217, 0, -1, -1.5707963267948966, 1.0
14, 7, 377, 266, 377, 266, 0, 0, 0.0, 0.0
14, 8, 386, 203, 386, 204, 0, -1, -1.5707963267948966, 1.0
14, 9, 253, 325, 253, 325, 0, 0, 0.0, 0.0
14, 10, 524, 328, 524, 328, 0, 0, 0.0, 0.0
14, 11, 434, 262, 434, 263, 0, -1, -1.5707963267948966, 1.0
14, 12, 397, 314, 396, 314, 1, 0, 0.0, 1.0
14, 13, 458, 265, 458, 266, 0, -1, -1.5707963267948966, 1.0
14, 14, 511, 313, 511, 313, 0, 0, 0.0, 0.0
14, 15, 122, 391, 123, 391, -1, 0, 3.141592653589793, 1.0
14, 16, 520, 303, 520, 303, 0, 0, 0.0, 0.0
14, 17, 539, 317, 539, 317, 0, 0, 0.0, 0.0
14, 18, 155, 176, 155, 176, 0, 0, 0.0, 0.0
14, 19, 217, 336, 217, 336, 0, 0, 0.0, 0.0
14, 20, 292, 227, 293, 227, -1, 0, 3.141592653589793, 1.0
14, 21, 304, 214, 305, 214, -1, 0, 3.141592653589793, 1.0
14, 22, 371, 184, 371, 185, 0, -1, -1.5707963267948966, 1.0
14, 23, 447, 265, 447, 265, 0, 0, 0.0, 0.0
14, 24, 358, 198, 359, 198, -1, 0, 3.141592653589793, 1.0
14, 25, 206, 174, 206, 175, 0, -1, -1.5707963267948966, 1.0
14, 26, 265, 177, 265, 177, 0, 0, 0.0, 0.0
14, 27, 301, 202, 302, 202, -1, 0, 3.141592653589793, 1.0
14, 28, 462, 301, 462, 301, 0, 0, 0.0, 0.0
14, 29, 322, 228, 323, 228, -1, 0, 3.141592653589793, 1.0
14, 30, 278, 217, 278, 217, 0, 0, 0.0, 0.0
14, 31, 157, 189, 157, 189, 0, 0, 0.0, 0.0
14, 32, 93, 346, 93, 346, 0, 0, 0.0, 0.0
14, 33, 454, 241, 454, 241, 0, 0, 0.0, 0.0
14, 34, 325, 310, 325, 310, 0, 0, 0.0, 0.0
14, 35, 287, 331, 287, 331, 0, 0, 0.0, 0.0
14, 36, 191, 275, 192, 275, -1, 0, 3.141592653589793, 1.0
14, 37, 318, 172, 318, 173, 0, -1, -1.5707963267948966, 1.0
14, 38, 262, 286, 261, 286, 1, 0, 0.0, 1.0
14, 39, 162, 347, 162, 348, 0, -1, -1.5707963267948966, 1.0
14, 40, 341, 175, 341, 176, 0, -1, -1.5707963267948966, 1.0
14, 41, 237, 200, 238, 200, -1, 0, 3.141592653589793, 1.0
14, 42, 197, 348, 197, 349, 0, -1, -1.5707963267948966, 1.0
14, 43, 344, 251, 344, 250, 0, 1, 1.5707963267948966, 1.0
14, 44, 326, 253, 326, 254, 0, -1, -1.5707963267948966, 1.0
14, 45, 190, 343, 191, 343, -1, 0, 3.141592653589793, 1.0
14, 46, 303, 167, 303, 168, 0, -1, -1.5707963267948966, 1.0
14, 47, 405, 276, 406, 276, -1, 0, 3.141592653589793, 1.0
14, 48, 259, 166, 259, 166, 0, 0, 0.0, 0.0
14, 49, 338, 183, 338, 183, 0, 0, 0.0, 0.0
14, 50, 501, 340, 501, 340, 0, 0, 0.0, 0.0
14, 51, 427, 270, 428, 270, -1, 0, 3.141592653589793, 1.0
14, 52, 126, 358, 126, 358, 0, 0, 0.0, 0.0
14, 53, 235, 169, 235, 169, 0, 0, 0.0, 0.0
14, 54, 402, 213, 402, 213, 0, 0, 0.0, 0.0
14, 55, 292, 170, 292, 171, 0, -1, -1.5707963267948966, 1.0
14, 56, 376, 240, 376, 241, 0, -1, -1.5707963267948966, 1.0
14, 57, 191, 216, 191, 216, 0, 0, 0.0, 0.0
14, 58, 570, 296, 570, 297, 0, -1, -1.5707963267948966, 1.0
14, 59, 620, 323, 620, 323, 0, 0, 0.0, 0.0
14, 60, 415, 219, 415, 219, 0, 0, 0.0, 0.0
14, 61, 425, 277, 425, 277, 0, 0, 0.0, 0.0
14, 62, 343, 258, 343, 258, 0, 0, 0.0, 0.0
14, 63, 220, 333, 220, 332, 0, 1, 1.5707963267948966, 1.0
14, 64, 216, 180, 216, 180, 0, 0, 0.0, 0.0
14, 65, 363, 180, 364, 180, -1, 0, 3.141592653589793, 1.0
14, 66, 330, 177, 331, 177, -1, 0, 3.141592653589793, 1.0
14, 67, 240, 175, 240, 175, 0, 0, 0.0, 0.0
14, 68, 381, 348, 381, 347, 0, 1, 1.5707963267948966, 1.0
14, 69, 431, 298, 431, 298, 0, 0, 0.0, 0.0
14, 70, 351, 262, 351, 263, 0, -1, -1.5707963267948966, 1.0
14, 71, 433, 213, 433, 214, 0, -1, -1.5707963267948966, 1.0
14, 72, 561, 313, 560, 313, 1, 0, 0.0, 1.0
14, 73, 326, 158, 326, 159, 0, -1, -1.5707963267948966, 1.0
14, 74, 538, 292, 538, 292, 0, 0, 0.0, 0.0
14, 75, 577, 308, 577, 310, 0, -2, -1.5707963267948966, 2.0
14, 76, 315, 360, 315, 359, 0, 1, 1.5707963267948966, 1.0
14, 77, 302, 264, 303, 264, -1, 0, 3.141592653589793, 1.0
14, 78, 119, 224, 119, 224, 0, 0, 0.0, 0.0
14, 79, 285, 220, 286, 220, -1, 0, 3.141592653589793, 1.0
14, 80, 153, 285, 153, 286, 0, -1, -1.5707963267948966, 1.0
14, 81, 135, 333, 135, 334, 0, -1, -1.5707963267948966, 1.0
14, 82, 319, 273, 319, 273, 0, 0, 0.0, 0.0
14, 83, 263, 343, 262, 343, 1, 0, 0.0, 1.0
14, 84, 155, 265, 155, 266, 0, -1, -1.5707963267948966, 1.0
14, 85, 335, 362, 336, 362, -1, 0, 3.141592653589793, 1.0
14, 86, 279, 177, 279, 177, 0, 0, 0.0, 0.0
14, 87, 514, 337, 515, 337, -1, 0, 3.141592653589793, 1.0
14, 88, 414, 257, 414, 258, 0, -1, -1.5707963267948966, 1.0
14, 89, 376, 317, 375, 317, 1, 0, 0.0, 1.0
14, 90, 427, 258, 427, 258, 0, 0, 0.0, 0.0
14, 91, 248, 329, 248, 329, 0, 0, 0.0, 0.0
14, 92, 570, 323, 569, 323, 1, 0, 0.0, 1.0
15, 0, 368, 223, 369, 223, -1, 0, 3.141592653589793, 1.0
15, 1, 279, 271, 280, 271, -1, 0, 3.141592653589793, 1.0
15, 2, 505, 309, 505, 310, 0, -1, -1.5707963267948966, 1.0
15, 3, 160, 225, 161, 225, -1, 0, 3.141592653589793, 1.0
15, 4, 189, 174, 189, 174, 0, 0, 0.0, 0.0
15, 5, 260, 205, 260, 205, 0, 0, 0.0, 0.0
15, 6, 228, 277, 229, 277, -1, 0, 3.141592653589793, 1.0
15, 7, 348, 274, 348, 275, 0, -1, -1.5707963267948966, 1.0
15, 8, 209, 176, 210, 176, -1, 0, 3.141592653589793, 1.0
15, 9, 526, 331, 526, 331, 0, 0, 0.0, 0.0
15, 10, 488, 301, 490, 301, -2, 0, 3.141592653589793, 2.0
15, 11, 255, 325, 255, 325, 0, 0, 0.0, 0.0
15, 12, 184, 237, 184, 237, 0, 0, 0.0, 0.0
15, 13, 540, 319, 540, 319, 0, 0, 0.0, 0.0
15, 14, 384, 320, 386, 320, -2, 0, 3.141592653589793, 2.0
15, 15, 182, 215, 183, 215, -1, 0, 3.141592653589793, 1.0
15, 16, 358, 236, 359, 236, -1, 0, 3.141592653589793, 1.0
15, 17, 324, 231, 324, 231, 0, 0, 0.0, 0.0
15, 18, 175, 223, 177, 224, -2, -1, -2.677945044588987, 2.23606797749979
15, 19, 185, 258, 186, 258, -1, 0, 3.141592653589793, 1.0
15, 20, 436, 265, 436, 266, 0, -1, -1.5707963267948966, 1.0
15, 21, 270, 223, 270, 223, 0, 0, 0.0, 0.0
15, 22, 162, 301, 163, 301, -1, 0, 3.141592653589793, 1.0
15, 23, 326, 263, 326, 263, 0, 0, 0.0, 0.0
15, 24, 460, 267, 460, 267, 0, 0, 0.0, 0.0
15, 25, 522, 306, 522, 307, 0, -1, -1.5707963267948966, 1.0
15, 26, 331, 178, 332, 178, -1, 0, 3.141592653589793, 1.0
15, 27, 212, 303, 212, 303, 0, 0, 0.0, 0.0
15, 28, 298, 197, 298, 197, 0, 0, 0.0, 0.0
15, 29, 298, 250, 298, 251, 0, -1, -1.5707963267948966, 1.0
15, 30, 123, 311, 124, 311, -1, 0, 3.141592653589793, 1.0
15, 31, 362, 199, 363, 199, -1, 0, 3.141592653589793, 1.0
15, 32, 319, 175, 319, 175, 0, 0, 0.0, 0.0
15, 33, 299, 218, 300, 218, -1, 0, 3.141592653589793, 1.0
15, 34, 384, 215, 385, 215, -1, 0, 3.141592653589793, 1.0
15, 35, 417, 221, 417, 221, 0, 0, 0.0, 0.0
15, 36, 352, 244, 353, 244, -1, 0, 3.141592653589793, 1.0
15, 37, 278, 219, 278, 219, 0, 0, 0.0, 0.0
15, 38, 448, 268, 448, 268, 0, 0, 0.0, 0.0
15, 39, 223, 186, 224, 186, -1, 0, 3.141592653589793, 1.0
15, 40, 520, 335, 520, 335, 0, 0, 0.0, 0.0
15, 41, 500, 340, 500, 340, 0, 0, 0.0, 0.0
15, 42, 319, 344, 319, 344, 0, 0, 0.0, 0.0
15, 43, 235, 233, 236, 233, -1, 0, 3.141592653589793, 1.0
15, 44, 188, 282, 190, 283, -2, -1, -2.677945044588987, 2.23606797749979
15, 45, 324, 309, 324, 310, 0, -1, -1.5707963267948966, 1.0
15, 46, 373, 188, 373, 189, 0, -1, -1.5707963267948966, 1.0
15, 47, 361, 225, 361, 225, 0, 0, 0.0, 0.0
15, 48, 339, 187, 339, 187, 0, 0, 0.0, 0.0
15, 49, 216, 183, 216, 184, 0, -1, -1.5707963267948966, 1.0
15, 50, 349, 214, 350, 214, -1, 0, 3.141592653589793, 1.0
15, 51, 124, 298, 126, 297, -2, 1, 2.677945044588987, 2.23606797749979
15, 52, 377, 270, 377, 270, 0, 0, 0.0, 0.0
15, 53, 200, 204, 201, 204, -1, 0, 3.141592653589793, 1.0
15, 54, 375, 240, 375, 240, 0, 0, 0.0, 0.0
15, 55, 291, 176, 292, 176, -1, 0, 3.141592653589793, 1.0
15, 56, 408, 274, 408, 275, 0, -1, -1.5707963267948966, 1.0
15, 57, 429, 271, 429, 271, 0, 0, 0.0, 0.0
15, 58, 265, 179, 265, 179, 0, 0, 0.0, 0.0
15, 59, 571, 297, 571, 299, 0, -2, -1.5707963267948966, 2.0
15, 60, 133, 289, 134, 289, -1, 0, 3.141592653589793, 1.0
15, 61, 275, 235, 276, 235, -1, 0, 3.141592653589793, 1.0
15, 62, 124, 339, 125, 339, -1, 0, 3.141592653589793, 1.0
15, 63, 131, 306, 132, 306, -1, 0, 3.141592653589793, 1.0
15, 64, 440, 325, 440, 326, 0, -1, -1.5707963267948966, 1.0
15, 65, 204, 186, 204, 187, 0, -1, -1.5707963267948966, 1.0
15, 66, 458, 302, 459, 302, -1, 0, 3.141592653589793, 1.0
15, 67, 358, 190, 358, 190, 0, 0, 0.0, 0.0
15, 68, 426, 279, 426, 279, 0, 0, 0.0, 0.0
15, 69, 309, 173, 309, 173, 0, 0, 0.0, 0.0
15, 70, 199, 351, 200, 351, -1, 0, 3.141592653589793, 1.0
15, 71, 205, 213, 206, 213, -1, 0, 3.141592653589793, 1.0
15, 72, 476, 347, 478, 347, -2, 0, 3.141592653589793, 2.0
15, 73, 375, 197, 375, 198, 0, -1, -1.5707963267948966, 1.0
15, 74, 354, 262, 354, 264, 0, -2, -1.5707963267948966, 2.0
15, 75, 404, 215, 404, 216, 0, -1, -1.5707963267948966, 1.0
15, 76, 162, 181, 163, 181, -1, 0, 3.141592653589793, 1.0
15, 77, 329, 365, 330, 365, -1, 0, 3.141592653589793, 1.0
15, 78, 133, 229, 134, 229, -1, 0, 3.141592653589793, 1.0
15, 79, 163, 350, 163, 351, 0, -1, -1.5707963267948966, 1.0
15, 80, 176, 233, 176, 234, 0, -1, -1.5707963267948966, 1.0
15, 81, 123, 357, 123, 358, 0, -1, -1.5707963267948966, 1.0
15, 82, 303, 205, 304, 205, -1, 0, 3.141592653589793, 1.0
15, 83, 120, 246, 120, 247, 0, -1, -1.5707963267948966, 1.0
15, 84, 345, 257, 345, 258, 0, -1, -1.5707963267948966, 1.0
15, 85, 369, 352, 371, 352, -2, 0, 3.141592653589793, 2.0
15, 86, 328, 164, 328, 164, 0, 0, 0.0, 0.0
15, 87, 303, 260, 303, 261, 0, -1, -1.5707963267948966, 1.0
15, 88, 315, 230, 315, 230, 0, 0, 0.0, 0.0
15, 89, 131, 244, 131, 244, 0, 0, 0.0, 0.0
15, 90, 287, 335, 287, 336, 0, -1, -1.5707963267948966, 1.0
15, 91, 193, 343, 194, 343, -1, 0, 3.141592653589793, 1.0
15, 92, 435, 240, 435, 241, 0, -1, -1.5707963267948966, 1.0
15, 93, 432, 301, 432, 302, 0, -1, -1.5707963267948966, 1.0
15, 94, 238, 203, 238, 204, 0, -1, -1.5707963267948966, 1.0
15, 95, 193, 270, 194, 270, -1, 0, 3.141592653589793, 1.0
15, 96, 218, 339, 218, 339, 0, 0, 0.0, 0.0
15, 97, 192, 220, 192, 220, 0, 0, 0.0, 0.0
15, 98, 538, 309, 538, 310, 0, -1, -1.5707963267948966, 1.0
15, 99, 184, 182, 184, 183, 0, -1, -1.5707963267948966, 1.0
15, 100, 376, 227, 376, 227, 0, 0, 0.0, 0.0
15, 101, 249, 179, 249, 179, 0, 0, 0.0, 0.0
15, 102, 184, 229, 184, 230, 0, -1, -1.5707963267948966, 1.0
15, 103, 257, 196, 258, 196, -1, 0, 3.141592653589793, 1.0
15, 104, 260, 170, 260, 170, 0, 0, 0.0, 0.0
15, 105, 383, 350, 383, 350, 0, 0, 0.0, 0.0
15, 106, 124, 391, 125, 391, -1, 0, 3.141592653589793, 1.0
15, 107, 336, 297, 336, 299, 0, -2, -1.5707963267948966, 2.0
15, 108, 121, 227, 121, 227, 0, 0, 0.0, 0.0
15, 109, 135, 258, 136, 258, -1, 0, 3.141592653589793, 1.0
15, 110, 207, 276, 209, 277, -2, -1, -2.677945044588987, 2.23606797749979
15, 111, 429, 235, 429, 235, 0, 0, 0.0, 0.0
15, 112, 437, 213, 437, 214, 0, -1, -1.5707963267948966, 1.0
15, 113, 132, 171, 133, 171, -1, 0, 3.141592653589793, 1.0
15, 114, 314, 350, 315, 350, -1, 0, 3.141592653589793, 1.0
15, 115, 315, 241, 315, 241, 0, 0, 0.0, 0.0
15, 116, 130, 385, 131, 384, -1, 1, 2.356194490192345, 1.4142135623730951
15, 117, 474, 274, 474, 275, 0, -1, -1.5707963267948966, 1.0
15, 118, 293, 275, 293, 276, 0, -1, -1.5707963267948966, 1.0
15, 119, 568, 329, 568, 330, 0, -1, -1.5707963267948966, 1.0
15, 120, 396, 316, 396, 316, 0, 0, 0.0, 0.0
15, 121, 292, 232, 292, 232, 0, 0, 0.0, 0.0
15, 122, 267, 343, 267, 345, 0, -2, -1.5707963267948966, 2.0
15, 123, 237, 323, 236, 323, 1, 0, 0.0, 1.0
15, 124, 130, 345, 131, 345, -1, 0, 3.141592653589793, 1.0
15, 125, 211, 248, 211, 249, 0, -1, -1.5707963267948966, 1.0
15, 126, 509, 315, 510, 315, -1, 0, 3.141592653589793, 1.0
15, 127, 161, 195, 162, 195, -1, 0, 3.141592653589793, 1.0
15, 128, 286, 218, 287, 218, -1, 0, 3.141592653589793, 1.0
15, 129, 240, 348, 240, 348, 0, 0, 0.0, 0.0
15, 130, 148, 178, 148, 178, 0, 0, 0.0, 0.0
15, 131, 430, 260, 429, 260, 1, 0, 0.0, 1.0
15, 132, 342, 177, 342, 177, 0, 0, 0.0, 0.0
15, 133, 303, 181, 303, 182, 0, -1, -1.5707963267948966, 1.0
15, 134, 455, 241, 455, 241, 0, 0, 0.0, 0.0
15, 135, 242, 212, 243, 212, -1, 0, 3.141592653589793, 1.0
15, 136, 268, 305, 267, 305, 1, 0, 0.0, 1.0
15, 137, 309, 345, 310, 345, -1, 0, 3.141592653589793, 1.0
15, 138, 386, 236, 386, 237, 0, -1, -1.5707963267948966, 1.0
15, 139, 476, 309, 478, 310, -2, -1, -2.677945044588987, 2.23606797749979
15, 140, 217, 366, 218, 364, -1, 2, 2.0344439357957027, 2.23606797749979
15, 141, 440, 305, 441, 305, -1, 0, 3.141592653589793, 1.0
15, 142, 287, 270, 287, 270, 0, 0, 0.0, 0.0
15, 143, 246, 235, 247, 235, -1, 0, 3.141592653589793, 1.0
15, 144, 245, 280, 245, 281, 0, -1, -1.5707963267948966, 1.0
15, 145, 205, 258, 205, 258, 0, 0, 0.0, 0.0
15, 146, 347, 250, 347, 250, 0, 0, 0.0, 0.0
15, 147, 207, 361, 209, 362, -2, -1, -2.677945044588987, 2.23606797749979
15, 148, 274, 189, 274, 190, 0, -1, -1.5707963267948966, 1.0
15, 149, 329, 222, 331, 223, -2, -1, -2.677945044588987, 2.23606797749979
15, 150, 479, 255, 479, 255, 0, 0, 0.0, 0.0
15, 151, 315, 362, 316, 361, -1, 1, 2.356194490192345, 1.4142135623730951
15, 152, 177, 243, 177, 244, 0, -1, -1.5707963267948966, 1.0
15, 153, 305, 301, 306, 301, -1, 0, 3.141592653589793, 1.0
15, 154, 624, 325, 624, 325, 0, 0, 0.0, 0.0
15, 155, 327, 270, 327, 270, 0, 0, 0.0, 0.0
15, 156, 345, 289, 347, 289, -2, 0, 3.141592653589793, 2.0
15, 157, 257, 229, 257, 229, 0, 0, 0.0, 0.0
15, 158, 514, 267, 513, 267, 1, 0, 0.0, 1.0
15, 159, 162, 206, 162, 206, 0, 0, 0.0, 0.0
15, 160, 233, 285, 233, 286, 0, -1, -1.5707963267948966, 1.0
15, 161, 496, 252, 496, 253, 0, -1, -1.5707963267948966, 1.0
15, 162, 541, 286, 541, 287, 0, -1, -1.5707963267948966, 1.0
